fecha,distancia_km,tiempo_min,trafico,auto_modelo,tipo_trayecto,precio_nafta_por_litro,consumo_por_km,combustible_litros
2024-05-01,8.5,56,Pesado,Fiat Cronos 1.3,Ruta,885.48,0.08491402274128496,0.72
2024-05-02,8.5,21,Leve,VW Gol 1.6,Urbano,909.25,0.11175479686467495,0.95
2024-05-03,8.5,25,Moderado,Toyota Etios 1.5,Urbano,901.22,0.09453960478547961,0.8
2024-05-04,15.0,33,Moderado,VW Gol 1.6,Urbano,896.61,0.06696263230826452,1.0
2024-05-05,8.5,28,Moderado,Toyota Etios 1.5,Ruta,879.62,0.11941882662753722,1.02
2024-05-06,8.5,17,Leve,Toyota Etios 1.5,Urbano,880.34,0.1320450645121382,1.12
2024-05-07,15.0,40,Leve,Fiat Cronos 1.3,Ruta,877.15,0.1357879372686005,2.04
2024-05-08,15.0,30,Leve,VW Gol 1.6,Urbano,910.19,0.11522636203700093,1.73
2024-05-09,15.0,26,Leve,Fiat Cronos 1.3,Urbano,900.31,0.10582091689551971,1.59
2024-05-10,15.0,32,Pesado,VW Gol 1.6,Urbano,905.31,0.08323012071415405,1.25
2024-05-11,8.5,46,Leve,Toyota Etios 1.5,Urbano,878.53,0.12150351871336917,1.03
2024-05-12,8.5,25,Pesado,Fiat Cronos 1.3,Urbano,917.22,0.14026018532007978,1.19
2024-05-13,15.0,15,Leve,Fiat Cronos 1.3,Urbano,912.44,0.13793193783162527,2.07
2024-05-14,15.0,17,Leve,Toyota Etios 1.5,Urbano,888.36,0.08477184913430391,1.27
2024-05-15,8.5,34,Moderado,Toyota Etios 1.5,Ruta,887.86,0.10384585956283793,0.88
2024-05-16,8.5,27,Moderado,Toyota Etios 1.5,Urbano,888.64,0.09703554244816459,0.82
2024-05-17,8.5,34,Leve,Fiat Cronos 1.3,Ruta,894.2,0.08711477137216583,0.74
2024-05-18,15.0,21,Moderado,VW Gol 1.6,Urbano,903.74,0.07985457178812375,1.2
2024-05-19,15.0,24,Moderado,Fiat Cronos 1.3,Urbano,900.75,0.1314849446788932,1.97
2024-05-20,8.5,35,Leve,VW Gol 1.6,Urbano,895.84,0.08787557012315977,0.75
2024-05-21,8.5,50,Pesado,Fiat Cronos 1.3,Urbano,909.38,0.095587206563361,0.81
2024-05-22,8.5,54,Pesado,Fiat Cronos 1.3,Urbano,891.21,0.1205766260362604,1.02
2024-05-23,15.0,35,Moderado,Toyota Etios 1.5,Urbano,898.04,0.0956392824360356,1.43
2024-05-24,15.0,56,Leve,VW Gol 1.6,Urbano,901.72,0.08836954346361302,1.33
2024-05-25,15.0,41,Moderado,Fiat Cronos 1.3,Urbano,906.03,0.11712005258450052,1.76
2024-05-26,8.5,19,Leve,Fiat Cronos 1.3,Urbano,919.92,0.11435994821332275,0.97
2024-05-27,8.5,25,Leve,Toyota Etios 1.5,Ruta,897.22,0.09845255217334455,0.84
2024-05-28,8.5,16,Leve,Toyota Etios 1.5,Ruta,910.52,0.10030038453188579,0.85
2024-05-29,8.5,26,Leve,VW Gol 1.6,Ruta,914.37,0.09193656354819034,0.78
2024-05-30,15.0,32,Pesado,Fiat Cronos 1.3,Ruta,893.25,0.11621182517745406,1.74
2024-05-31,15.0,35,Moderado,VW Gol 1.6,Urbano,916.42,0.0968876843475707,1.45
2024-06-01,15.0,30,Moderado,Fiat Cronos 1.3,Urbano,899.65,0.13219859191760672,1.98
2024-06-02,15.0,31,Leve,VW Gol 1.6,Ruta,896.16,0.05532347291032663,0.83
2024-06-03,8.5,16,Leve,Toyota Etios 1.5,Urbano,932.23,0.08553074382259425,0.73
2024-06-04,15.0,23,Leve,Fiat Cronos 1.3,Urbano,933.62,0.09024338638159068,1.35
2024-06-05,15.0,24,Pesado,VW Gol 1.6,Urbano,928.05,0.10868855566462615,1.63
2024-06-06,15.0,16,Leve,Toyota Etios 1.5,Urbano,908.62,0.09524609750620719,1.43
2024-06-07,8.5,18,Pesado,Toyota Etios 1.5,Urbano,901.06,0.10384469528390462,0.88
2024-06-08,8.5,57,Moderado,VW Gol 1.6,Ruta,925.25,0.07739562893604786,0.66
2024-06-09,8.5,17,Leve,Fiat Cronos 1.3,Urbano,916.2,0.09625231375818599,0.82
2024-06-10,15.0,59,Moderado,Fiat Cronos 1.3,Urbano,904.2,0.12701295335564503,1.91
2024-06-11,8.5,32,Leve,Toyota Etios 1.5,Ruta,919.85,0.10511147307424738,0.89
2024-06-12,8.5,38,Pesado,Fiat Cronos 1.3,Urbano,902.13,0.08255250799401188,0.7
2024-06-13,8.5,27,Pesado,Fiat Cronos 1.3,Urbano,937.85,0.11062089795524714,0.94
2024-06-14,8.5,40,Leve,Fiat Cronos 1.3,Urbano,912.55,0.11444532264896484,0.97
2024-06-15,8.5,39,Leve,Toyota Etios 1.5,Ruta,929.42,0.11353932774679076,0.97
2024-06-16,8.5,48,Moderado,VW Gol 1.6,Ruta,916.11,0.05029077959164475,0.43
2024-06-17,8.5,44,Pesado,Fiat Cronos 1.3,Urbano,925.16,0.10158122228615431,0.86
2024-06-18,8.5,27,Leve,Toyota Etios 1.5,Ruta,926.95,0.09208342438536676,0.78
2024-06-19,15.0,51,Moderado,Toyota Etios 1.5,Urbano,913.2,0.09640751999529526,1.45
2024-06-20,8.5,48,Moderado,VW Gol 1.6,Ruta,945.31,0.08978124325967608,0.76
2024-06-21,15.0,26,Moderado,Fiat Cronos 1.3,Ruta,938.25,0.0880289831838721,1.32
2024-06-22,8.5,23,Leve,Fiat Cronos 1.3,Ruta,945.54,0.11196620384476205,0.95
2024-06-23,8.5,40,Moderado,VW Gol 1.6,Urbano,944.48,0.07649037645920144,0.65
2024-06-24,15.0,33,Pesado,VW Gol 1.6,Ruta,933.32,0.10346264041379424,1.55
2024-06-25,8.5,44,Leve,Toyota Etios 1.5,Ruta,947.0,0.099176610461749,0.84
2024-06-26,8.5,53,Leve,Toyota Etios 1.5,Urbano,914.38,0.11074181666122287,0.94
2024-06-27,8.5,54,Pesado,VW Gol 1.6,Ruta,919.4,0.06627861537201174,0.56
2024-06-28,15.0,43,Leve,Fiat Cronos 1.3,Urbano,914.09,0.08973368328804548,1.35
2024-06-29,8.5,12,Pesado,Toyota Etios 1.5,Ruta,926.02,0.08699966662659094,0.74
2024-06-30,15.0,46,Leve,Toyota Etios 1.5,Urbano,929.27,0.08675738309064802,1.3
2024-07-01,8.5,52,Leve,Fiat Cronos 1.3,Ruta,925.3,0.12235749600929136,1.04
2024-07-02,8.5,49,Pesado,Toyota Etios 1.5,Urbano,948.32,0.10677629201621475,0.91
2024-07-03,8.5,35,Leve,Fiat Cronos 1.3,Urbano,930.16,0.12074356855251521,1.03
2024-07-04,8.5,32,Moderado,Fiat Cronos 1.3,Urbano,927.85,0.12425256967692858,1.06
2024-07-05,8.5,53,Leve,Fiat Cronos 1.3,Urbano,939.04,0.12519092939156085,1.06
2024-07-06,8.5,48,Moderado,VW Gol 1.6,Urbano,923.69,0.12135592262392944,1.03
2024-07-07,8.5,24,Leve,VW Gol 1.6,Urbano,950.86,0.07280999920399646,0.62
2024-07-08,15.0,58,Leve,VW Gol 1.6,Urbano,922.47,0.10050380780675457,1.51
2024-07-09,8.5,13,Pesado,Fiat Cronos 1.3,Urbano,959.69,0.10867224764820056,0.92
2024-07-10,8.5,38,Leve,Fiat Cronos 1.3,Urbano,951.82,0.10334725363298082,0.88
2024-07-11,15.0,31,Moderado,VW Gol 1.6,Ruta,929.6,0.08348825285693756,1.25
2024-07-12,8.5,34,Leve,Toyota Etios 1.5,Urbano,922.59,0.11277035721188972,0.96
2024-07-13,8.5,22,Moderado,Fiat Cronos 1.3,Ruta,955.71,0.11133831448474737,0.95
2024-07-14,15.0,27,Leve,Toyota Etios 1.5,Ruta,952.09,0.09474042392438645,1.42
2024-07-15,15.0,42,Pesado,Toyota Etios 1.5,Urbano,953.69,0.06328577451917959,0.95
2024-07-16,8.5,25,Leve,Fiat Cronos 1.3,Urbano,956.1,0.12341481891900406,1.05
2024-07-17,15.0,54,Leve,Fiat Cronos 1.3,Ruta,928.94,0.1041548047619646,1.56
2024-07-18,8.5,51,Leve,Toyota Etios 1.5,Urbano,941.03,0.07821839767704392,0.66
2024-07-19,8.5,53,Leve,Toyota Etios 1.5,Urbano,932.05,0.09688357051341795,0.82
2024-07-20,8.5,11,Moderado,VW Gol 1.6,Urbano,962.66,0.08249012227295564,0.7
2024-07-21,15.0,44,Leve,VW Gol 1.6,Ruta,953.79,0.11364705688183568,1.7
2024-07-22,8.5,51,Pesado,Fiat Cronos 1.3,Urbano,942.81,0.13322797574862813,1.13
2024-07-23,8.5,43,Leve,VW Gol 1.6,Urbano,932.84,0.07608277159710448,0.65
2024-07-24,8.5,39,Leve,VW Gol 1.6,Ruta,943.46,0.11802858004532149,1.0
2024-07-25,8.5,22,Moderado,VW Gol 1.6,Ruta,944.74,0.0671665635652122,0.57
2024-07-26,8.5,22,Moderado,VW Gol 1.6,Urbano,961.64,0.08246599140192869,0.7
2024-07-27,8.5,27,Leve,Toyota Etios 1.5,Urbano,958.68,0.08764726781211507,0.75
2024-07-28,8.5,41,Leve,Fiat Cronos 1.3,Ruta,969.39,0.1342959411378877,1.14
2024-07-29,8.5,41,Leve,VW Gol 1.6,Urbano,953.51,0.11230866594762269,0.95
2024-07-30,8.5,44,Moderado,Toyota Etios 1.5,Urbano,940.12,0.08872599649884198,0.75
2024-07-31,8.5,48,Moderado,Toyota Etios 1.5,Urbano,964.59,0.09833932793014453,0.84
2024-08-01,8.5,55,Leve,Toyota Etios 1.5,Ruta,967.21,0.09598501672894272,0.82
2024-08-02,8.5,38,Pesado,VW Gol 1.6,Urbano,959.95,0.05348031516744739,0.45
2024-08-03,15.0,58,Pesado,VW Gol 1.6,Ruta,969.06,0.06371708291089567,0.96
2024-08-04,8.5,38,Moderado,Fiat Cronos 1.3,Ruta,958.69,0.12259499756797348,1.04
2024-08-05,8.5,53,Pesado,VW Gol 1.6,Urbano,960.57,0.05327856024994921,0.45
2024-08-06,8.5,25,Leve,VW Gol 1.6,Urbano,957.48,0.0743101871351578,0.63
2024-08-07,8.5,53,Leve,Toyota Etios 1.5,Urbano,942.12,0.0915244717710394,0.78
2024-08-08,8.5,56,Leve,Fiat Cronos 1.3,Urbano,946.14,0.11661146785250871,0.99
2024-08-09,8.5,19,Leve,VW Gol 1.6,Urbano,943.8,0.10856090142011385,0.92
2024-08-10,8.5,39,Moderado,VW Gol 1.6,Ruta,968.72,0.10085656702541353,0.86
2024-08-11,8.5,34,Pesado,Toyota Etios 1.5,Urbano,956.56,0.10325488829692793,0.88
2024-08-12,8.5,48,Leve,Toyota Etios 1.5,Ruta,965.05,0.10082758105171696,0.86
2024-08-13,8.5,29,Leve,VW Gol 1.6,Urbano,981.73,0.10326895458303022,0.88
2024-08-14,8.5,14,Leve,Fiat Cronos 1.3,Urbano,956.12,0.09893615633130226,0.84
2024-08-15,8.5,10,Pesado,Fiat Cronos 1.3,Urbano,963.28,0.1240728323158635,1.05
2024-08-16,8.5,39,Leve,Toyota Etios 1.5,Urbano,977.81,0.11144185556809844,0.95
2024-08-17,8.5,58,Moderado,Toyota Etios 1.5,Ruta,957.46,0.09830220362995294,0.84
2024-08-18,8.5,12,Leve,VW Gol 1.6,Urbano,952.11,0.10789447029294275,0.92
2024-08-19,8.5,54,Leve,Toyota Etios 1.5,Urbano,961.34,0.08077023260688926,0.69
2024-08-20,15.0,23,Pesado,VW Gol 1.6,Urbano,956.92,0.12376884311492262,1.86
2024-08-21,8.5,39,Pesado,Fiat Cronos 1.3,Urbano,988.38,0.13236915289695755,1.13
2024-08-22,8.5,59,Leve,Fiat Cronos 1.3,Urbano,984.23,0.12098631289116457,1.03
2024-08-23,15.0,13,Pesado,VW Gol 1.6,Urbano,977.97,0.055591087795265746,0.83
2024-08-24,15.0,27,Moderado,Toyota Etios 1.5,Ruta,988.21,0.07593734795966614,1.14
2024-08-25,8.5,46,Pesado,Fiat Cronos 1.3,Urbano,986.22,0.10867713430252667,0.92
2024-08-26,8.5,34,Leve,Toyota Etios 1.5,Ruta,962.25,0.13124510263900843,1.12
2024-08-27,15.0,57,Moderado,Fiat Cronos 1.3,Urbano,991.21,0.13379030085330085,2.01
2024-08-28,15.0,10,Leve,VW Gol 1.6,Urbano,977.81,0.06925468518074543,1.04
2024-08-29,8.5,55,Moderado,VW Gol 1.6,Urbano,989.25,0.10237260240219484,0.87
2024-08-30,8.5,24,Leve,VW Gol 1.6,Urbano,993.52,0.063674599178518,0.54
2024-08-31,8.5,18,Leve,Fiat Cronos 1.3,Urbano,971.11,0.1100275930201597,0.94
2024-09-01,8.5,24,Leve,Toyota Etios 1.5,Urbano,963.52,0.0783161721795535,0.67
2024-09-02,8.5,58,Moderado,Toyota Etios 1.5,Urbano,968.95,0.10939143636696866,0.93
2024-09-03,8.5,33,Leve,Toyota Etios 1.5,Urbano,977.64,0.11428206999440185,0.97
2024-09-04,8.5,13,Moderado,Fiat Cronos 1.3,Urbano,994.0,0.08376634499066432,0.71
2024-09-05,15.0,21,Pesado,Fiat Cronos 1.3,Ruta,996.43,0.1273526416781227,1.91
2024-09-06,8.5,46,Leve,Fiat Cronos 1.3,Urbano,962.99,0.11808203310018017,1.0
2024-09-07,8.5,46,Moderado,Fiat Cronos 1.3,Urbano,983.87,0.08956051779218407,0.76
2024-09-08,15.0,52,Leve,Fiat Cronos 1.3,Urbano,980.85,0.08587999597855062,1.29
2024-09-09,15.0,15,Pesado,Toyota Etios 1.5,Urbano,973.76,0.10677987370618493,1.6
2024-09-10,8.5,48,Leve,Fiat Cronos 1.3,Urbano,970.39,0.10204591772186164,0.87
2024-09-11,8.5,55,Moderado,Fiat Cronos 1.3,Urbano,979.82,0.14639897701099341,1.24
2024-09-12,8.5,33,Pesado,Toyota Etios 1.5,Urbano,1004.76,0.07311771059273627,0.62
2024-09-13,8.5,20,Pesado,Fiat Cronos 1.3,Urbano,980.69,0.11947386273464455,1.02
2024-09-14,8.5,22,Moderado,Toyota Etios 1.5,Urbano,989.23,0.10495023833152409,0.89
2024-09-15,8.5,43,Leve,Toyota Etios 1.5,Urbano,997.32,0.10300810876352329,0.88
2024-09-16,8.5,34,Moderado,VW Gol 1.6,Urbano,984.47,0.07908314828057844,0.67
2024-09-17,8.5,16,Pesado,VW Gol 1.6,Urbano,1009.51,0.07259487552965549,0.62
2024-09-18,8.5,13,Moderado,VW Gol 1.6,Urbano,1009.86,0.09438221200068819,0.8
2024-09-19,8.5,17,Leve,VW Gol 1.6,Ruta,982.15,0.09154289571766253,0.78
2024-09-20,8.5,29,Pesado,Fiat Cronos 1.3,Urbano,992.69,0.08793634485383534,0.75
2024-09-21,8.5,38,Moderado,VW Gol 1.6,Urbano,985.56,0.1290228409659559,1.1
2024-09-22,8.5,54,Moderado,Toyota Etios 1.5,Urbano,985.64,0.127574194925267,1.08
2024-09-23,15.0,55,Leve,Fiat Cronos 1.3,Ruta,976.44,0.12077596317538525,1.81
2024-09-24,8.5,19,Moderado,VW Gol 1.6,Urbano,1000.07,0.0939260883384871,0.8
2024-09-25,8.5,52,Leve,Toyota Etios 1.5,Urbano,996.51,0.08804580972533815,0.75
2024-09-26,15.0,43,Moderado,Fiat Cronos 1.3,Urbano,979.18,0.07521868737791132,1.13
2024-09-27,8.5,35,Leve,Fiat Cronos 1.3,Urbano,988.99,0.13225811334761864,1.12
2024-09-28,8.5,50,Moderado,VW Gol 1.6,Urbano,1014.9,0.06864730298798044,0.58
2024-09-29,8.5,58,Pesado,Fiat Cronos 1.3,Urbano,988.87,0.10701989601272269,0.91
2024-09-30,8.5,12,Leve,Toyota Etios 1.5,Ruta,985.8,0.06919504735937847,0.59
2024-10-01,15.0,15,Pesado,Fiat Cronos 1.3,Urbano,1000.31,0.11522533368263799,1.73
2024-10-02,8.5,14,Leve,Toyota Etios 1.5,Ruta,1020.87,0.11098461593003296,0.94
2024-10-03,8.5,14,Pesado,Fiat Cronos 1.3,Ruta,991.85,0.12598357639810798,1.07
2024-10-04,8.5,56,Moderado,VW Gol 1.6,Urbano,1009.77,0.09222553536106551,0.78
2024-10-05,8.5,32,Moderado,Toyota Etios 1.5,Urbano,1014.07,0.11915764456353954,1.01
2024-10-06,8.5,58,Moderado,Fiat Cronos 1.3,Urbano,993.84,0.10667061743529542,0.91
2024-10-07,8.5,18,Pesado,Fiat Cronos 1.3,Urbano,1014.18,0.11423757357303646,0.97
2024-10-08,8.5,44,Leve,Fiat Cronos 1.3,Urbano,1000.48,0.0920888781290733,0.78
2024-10-09,15.0,29,Leve,Toyota Etios 1.5,Ruta,1011.78,0.09189179984772444,1.38
2024-10-10,8.5,58,Moderado,Toyota Etios 1.5,Ruta,1012.55,0.09278217161150787,0.79
2024-10-11,8.5,51,Pesado,Toyota Etios 1.5,Urbano,1009.36,0.030571402161232344,0.26
2024-10-12,8.5,44,Moderado,VW Gol 1.6,Urbano,992.26,0.11425216474840913,0.97
2024-10-13,8.5,59,Moderado,VW Gol 1.6,Ruta,1022.78,0.12469663782454454,1.06
2024-10-14,8.5,27,Leve,Toyota Etios 1.5,Ruta,1002.92,0.08898557608608978,0.76
2024-10-15,8.5,26,Pesado,Fiat Cronos 1.3,Ruta,998.27,0.10030742471992071,0.85
2024-10-16,8.5,33,Leve,VW Gol 1.6,Urbano,993.17,0.050599990891622516,0.43
2024-10-17,8.5,12,Moderado,Toyota Etios 1.5,Urbano,1015.89,0.10887760460434873,0.93
2024-10-18,8.5,41,Leve,Fiat Cronos 1.3,Urbano,1020.08,0.09667431598980186,0.82
2024-10-19,15.0,44,Leve,VW Gol 1.6,Urbano,994.36,0.09574266708245971,1.44
2024-10-20,8.5,47,Leve,Fiat Cronos 1.3,Urbano,1014.9,0.09680795462961533,0.82
2024-10-21,8.5,22,Leve,Fiat Cronos 1.3,Urbano,1004.2,0.0959026309236902,0.82
2024-10-22,8.5,56,Moderado,Fiat Cronos 1.3,Urbano,1021.66,0.07540204336546305,0.64
2024-10-23,15.0,34,Leve,Fiat Cronos 1.3,Urbano,1003.55,0.1053817949263689,1.58
2024-10-24,8.5,18,Leve,VW Gol 1.6,Urbano,1024.94,0.06404980720035539,0.54
2024-10-25,8.5,13,Leve,VW Gol 1.6,Urbano,1013.49,0.07484287607988248,0.64
2024-10-26,15.0,23,Leve,VW Gol 1.6,Urbano,1036.21,0.09049715007502539,1.36
2024-10-27,15.0,46,Leve,Toyota Etios 1.5,Urbano,1004.96,0.10845310131003208,1.63
2024-10-28,15.0,43,Leve,VW Gol 1.6,Urbano,1013.82,0.10216815507598452,1.53
2024-10-29,8.5,20,Moderado,Fiat Cronos 1.3,Ruta,1005.44,0.0947762723037105,0.81
2024-10-30,8.5,50,Moderado,VW Gol 1.6,Urbano,1038.61,0.0919827667883625,0.78
2024-10-31,8.5,12,Moderado,Fiat Cronos 1.3,Urbano,1037.43,0.09839712696994449,0.84
2024-11-01,15.0,37,Leve,Toyota Etios 1.5,Urbano,1013.38,0.11380473600760546,1.71
2024-11-02,8.5,38,Leve,Fiat Cronos 1.3,Ruta,1030.18,0.0872286525390076,0.74
2024-11-03,8.5,18,Pesado,Fiat Cronos 1.3,Urbano,1037.19,0.10241191002028316,0.87
2024-11-04,8.5,12,Moderado,Fiat Cronos 1.3,Urbano,1027.43,0.11664130498328813,0.99
2024-11-05,15.0,34,Leve,Toyota Etios 1.5,Urbano,1027.13,0.07940130658188507,1.19
2024-11-06,8.5,43,Leve,VW Gol 1.6,Urbano,1016.34,0.07761854526965582,0.66
2024-11-07,8.5,21,Leve,VW Gol 1.6,Urbano,1011.11,0.08936975351153954,0.76
2024-11-08,8.5,51,Leve,Toyota Etios 1.5,Urbano,1043.99,0.11641110838012747,0.99
2024-11-09,8.5,18,Leve,Fiat Cronos 1.3,Ruta,1044.84,0.1370405695236143,1.16
2024-11-10,8.5,24,Moderado,VW Gol 1.6,Urbano,1034.87,0.09182376547687564,0.78
2024-11-11,8.5,49,Moderado,Toyota Etios 1.5,Ruta,1023.83,0.07875405689667253,0.67
2024-11-12,8.5,34,Moderado,VW Gol 1.6,Ruta,1024.95,0.11029290772878823,0.94
2024-11-13,8.5,14,Moderado,Toyota Etios 1.5,Urbano,1040.74,0.11727193318493181,1.0
2024-11-14,8.5,20,Pesado,Fiat Cronos 1.3,Ruta,1048.31,0.11036083297268198,0.94
2024-11-15,8.5,43,Moderado,VW Gol 1.6,Urbano,1048.63,0.11411912035809084,0.97
2024-11-16,8.5,33,Pesado,Toyota Etios 1.5,Urbano,1045.06,0.07729078212603739,0.66
2024-11-17,8.5,24,Leve,VW Gol 1.6,Urbano,1040.27,0.07415403215591787,0.63
2024-11-18,8.5,47,Leve,VW Gol 1.6,Urbano,1018.67,0.08201802292358149,0.7
2024-11-19,8.5,17,Leve,VW Gol 1.6,Urbano,1022.49,0.07166144909340141,0.61
2024-11-20,8.5,14,Moderado,VW Gol 1.6,Urbano,1052.69,0.09653248435130268,0.82
2024-11-21,8.5,57,Pesado,Toyota Etios 1.5,Urbano,1041.73,0.13604329616862892,1.16
2024-11-22,15.0,35,Leve,Fiat Cronos 1.3,Urbano,1018.56,0.06356087165316379,0.95
2024-11-23,8.5,27,Pesado,Toyota Etios 1.5,Urbano,1022.97,0.10960609306026597,0.93
2024-11-24,15.0,15,Leve,Toyota Etios 1.5,Urbano,1046.17,0.08861232599703746,1.33
2024-11-25,8.5,46,Pesado,Toyota Etios 1.5,Urbano,1020.55,0.11136960450549196,0.95
2024-11-26,8.5,57,Leve,Fiat Cronos 1.3,Urbano,1027.5,0.1236338137980761,1.05
2024-11-27,15.0,22,Leve,VW Gol 1.6,Ruta,1043.74,0.10490061125825599,1.57
2024-11-28,8.5,37,Leve,VW Gol 1.6,Urbano,1050.19,0.11878891430306272,1.01
2024-11-29,8.5,14,Leve,VW Gol 1.6,Ruta,1049.31,0.08080902117676488,0.69
2024-11-30,8.5,22,Leve,Fiat Cronos 1.3,Urbano,1032.92,0.11273643659342587,0.96
2024-12-01,8.5,26,Leve,VW Gol 1.6,Urbano,1053.16,0.11090502029746155,0.94
2024-12-02,15.0,59,Pesado,Fiat Cronos 1.3,Urbano,1034.88,0.10001231402817258,1.5
2024-12-03,15.0,49,Moderado,VW Gol 1.6,Urbano,1039.13,0.08407907799357528,1.26
2024-12-04,15.0,54,Leve,VW Gol 1.6,Urbano,1056.7,0.08519694375385017,1.28
2024-12-05,8.5,41,Moderado,Toyota Etios 1.5,Ruta,1053.54,0.121638841194817,1.03
2024-12-06,15.0,38,Moderado,Fiat Cronos 1.3,Urbano,1062.25,0.08062153072659613,1.21
2024-12-07,15.0,12,Leve,Toyota Etios 1.5,Ruta,1055.3,0.11632145686787697,1.74
2024-12-08,8.5,49,Leve,Toyota Etios 1.5,Ruta,1052.45,0.09851578042901218,0.84
2024-12-09,8.5,43,Leve,Toyota Etios 1.5,Ruta,1034.18,0.12174928348062994,1.03
2024-12-10,15.0,49,Leve,Fiat Cronos 1.3,Ruta,1045.87,0.1310886330994652,1.97
2024-12-11,8.5,36,Moderado,Fiat Cronos 1.3,Urbano,1042.49,0.09947675292905021,0.85
2024-12-12,15.0,22,Leve,VW Gol 1.6,Urbano,1042.36,0.0645918251204114,0.97
2024-12-13,8.5,54,Moderado,Toyota Etios 1.5,Urbano,1072.24,0.08928081709181417,0.76
2024-12-14,15.0,42,Moderado,VW Gol 1.6,Urbano,1049.76,0.08961062601845805,1.34
2024-12-15,8.5,15,Leve,Toyota Etios 1.5,Urbano,1070.44,0.07401766711397867,0.63
2024-12-16,8.5,33,Moderado,Fiat Cronos 1.3,Ruta,1060.73,0.08489784501486729,0.72
2024-12-17,8.5,28,Leve,Fiat Cronos 1.3,Urbano,1067.99,0.10297607596392469,0.88
2024-12-18,15.0,25,Pesado,Fiat Cronos 1.3,Urbano,1057.03,0.16369348476128148,2.46
2024-12-19,8.5,49,Leve,Toyota Etios 1.5,Urbano,1060.72,0.11267223081151663,0.96
2024-12-20,8.5,37,Pesado,Fiat Cronos 1.3,Urbano,1058.06,0.12321446788927498,1.05
2024-12-21,8.5,42,Moderado,Toyota Etios 1.5,Urbano,1046.89,0.052174511379517036,0.44
2024-12-22,15.0,57,Leve,VW Gol 1.6,Ruta,1068.7,0.11732309256547296,1.76
2024-12-23,8.5,50,Moderado,Toyota Etios 1.5,Urbano,1051.75,0.10908366334379677,0.93
2024-12-24,15.0,22,Pesado,VW Gol 1.6,Urbano,1042.22,0.13328014747824712,2.0
2024-12-25,8.5,52,Moderado,Toyota Etios 1.5,Urbano,1067.78,0.08575011614383525,0.73
2024-12-26,8.5,54,Pesado,VW Gol 1.6,Urbano,1049.77,0.07159522940447245,0.61
2024-12-27,8.5,34,Pesado,Fiat Cronos 1.3,Urbano,1081.02,0.09182699408517124,0.78
2024-12-28,8.5,51,Leve,VW Gol 1.6,Urbano,1082.28,0.10617849444558022,0.9
2024-12-29,15.0,45,Leve,Fiat Cronos 1.3,Urbano,1081.44,0.11883972012790062,1.78
2024-12-30,8.5,36,Moderado,Fiat Cronos 1.3,Urbano,1060.37,0.10139229047205968,0.86
2024-12-31,8.5,47,Leve,VW Gol 1.6,Urbano,1046.91,0.10532392018348213,0.9
2025-01-01,15.0,16,Pesado,Toyota Etios 1.5,Urbano,1084.14,0.126392889889546,1.9
2025-01-02,8.5,14,Pesado,Toyota Etios 1.5,Urbano,1064.86,0.13638446366599444,1.16
2025-01-03,8.5,52,Leve,Toyota Etios 1.5,Urbano,1087.12,0.10079872794429381,0.86
2025-01-04,15.0,54,Leve,Toyota Etios 1.5,Urbano,1087.71,0.09524112905305851,1.43
2025-01-05,8.5,40,Moderado,Toyota Etios 1.5,Ruta,1084.01,0.10538048136275067,0.9
2025-01-06,8.5,32,Leve,Fiat Cronos 1.3,Urbano,1062.39,0.0993537546814042,0.84
2025-01-07,15.0,51,Pesado,Toyota Etios 1.5,Urbano,1066.73,0.12773516132262308,1.92
2025-01-08,8.5,19,Leve,Fiat Cronos 1.3,Urbano,1086.1,0.112323461681531,0.95
2025-01-09,8.5,41,Moderado,Fiat Cronos 1.3,Urbano,1065.45,0.09310203093179052,0.79
2025-01-10,8.5,52,Leve,Fiat Cronos 1.3,Urbano,1060.27,0.11803121216775438,1.0
2025-01-11,15.0,39,Moderado,VW Gol 1.6,Urbano,1076.48,0.09676504975058356,1.45
2025-01-12,8.5,48,Leve,VW Gol 1.6,Ruta,1092.38,0.08637229193781427,0.73
2025-01-13,8.5,40,Moderado,Fiat Cronos 1.3,Urbano,1083.49,0.09044325599257429,0.77
2025-01-14,15.0,27,Leve,VW Gol 1.6,Urbano,1079.18,0.06498607874023547,0.97
2025-01-15,15.0,45,Moderado,Toyota Etios 1.5,Urbano,1060.98,0.1154418957795058,1.73
2025-01-16,8.5,11,Pesado,Toyota Etios 1.5,Urbano,1082.41,0.12223157314263937,1.04
2025-01-17,8.5,23,Leve,Fiat Cronos 1.3,Urbano,1098.14,0.12077838370287469,1.03
2025-01-18,8.5,22,Leve,Toyota Etios 1.5,Urbano,1064.86,0.10139493697682099,0.86
2025-01-19,15.0,38,Leve,Fiat Cronos 1.3,Ruta,1080.71,0.11750433914314325,1.76
2025-01-20,8.5,21,Moderado,Fiat Cronos 1.3,Urbano,1095.79,0.13708038284743046,1.17
2025-01-21,8.5,48,Moderado,Toyota Etios 1.5,Urbano,1091.05,0.07796413604160213,0.66
2025-01-22,15.0,11,Moderado,VW Gol 1.6,Ruta,1090.02,0.12166954554499199,1.83
2025-01-23,15.0,41,Leve,Toyota Etios 1.5,Urbano,1090.96,0.069698093140887,1.05
2025-01-24,8.5,22,Leve,Toyota Etios 1.5,Ruta,1077.96,0.12435496971302401,1.06
2025-01-25,15.0,55,Moderado,Fiat Cronos 1.3,Urbano,1076.04,0.10476589864643546,1.57
2025-01-26,8.5,36,Leve,Fiat Cronos 1.3,Ruta,1097.39,0.12658259654672227,1.08
2025-01-27,15.0,58,Pesado,Fiat Cronos 1.3,Urbano,1098.14,0.10945336131787814,1.64
2025-01-28,8.5,50,Leve,Fiat Cronos 1.3,Ruta,1101.14,0.09687608090223114,0.82
2025-01-29,8.5,26,Moderado,VW Gol 1.6,Ruta,1103.71,0.0791543532447467,0.67
2025-01-30,15.0,49,Leve,VW Gol 1.6,Urbano,1088.35,0.05406523974043893,0.81
2025-01-31,8.5,40,Leve,VW Gol 1.6,Ruta,1088.68,0.11980758940385963,1.02
2025-02-01,8.5,43,Moderado,Fiat Cronos 1.3,Urbano,1101.27,0.14182038611550235,1.21
2025-02-02,15.0,33,Moderado,Fiat Cronos 1.3,Urbano,1096.06,0.10588462803940665,1.59
2025-02-03,15.0,54,Pesado,Fiat Cronos 1.3,Urbano,1098.86,0.10910513638474804,1.64
2025-02-04,8.5,44,Leve,VW Gol 1.6,Urbano,1103.33,0.08282592453902161,0.7
2025-02-05,8.5,57,Leve,Fiat Cronos 1.3,Urbano,1107.82,0.14878385138198932,1.26
2025-02-06,8.5,15,Moderado,Toyota Etios 1.5,Urbano,1086.46,0.12293247833123855,1.04
2025-02-07,8.5,28,Moderado,Toyota Etios 1.5,Urbano,1088.69,0.076290752928098,0.65
2025-02-08,8.5,39,Leve,Fiat Cronos 1.3,Ruta,1078.14,0.10269328093975058,0.87
2025-02-09,8.5,16,Leve,Toyota Etios 1.5,Ruta,1098.24,0.13040678474619005,1.11
2025-02-10,15.0,19,Leve,Toyota Etios 1.5,Urbano,1077.26,0.09010438108466234,1.35
2025-02-11,8.5,50,Pesado,VW Gol 1.6,Urbano,1095.17,0.053079034991118886,0.45
2025-02-12,8.5,41,Leve,Fiat Cronos 1.3,Urbano,1098.97,0.11442983246556789,0.97
2025-02-13,8.5,43,Leve,Fiat Cronos 1.3,Urbano,1089.45,0.11042560874208127,0.94
2025-02-14,15.0,37,Leve,VW Gol 1.6,Urbano,1102.34,0.11781464975183084,1.77
2025-02-15,8.5,24,Leve,Toyota Etios 1.5,Urbano,1080.65,0.07343370097069898,0.62
2025-02-16,8.5,39,Leve,Toyota Etios 1.5,Urbano,1081.64,0.1015494743747446,0.86
2025-02-17,8.5,46,Moderado,Fiat Cronos 1.3,Ruta,1113.77,0.11112672573624242,0.94
2025-02-18,8.5,38,Leve,Toyota Etios 1.5,Urbano,1096.0,0.08773278374963435,0.75
2025-02-19,8.5,31,Pesado,VW Gol 1.6,Urbano,1087.39,0.07458525880598274,0.63
2025-02-20,15.0,13,Leve,VW Gol 1.6,Urbano,1103.92,0.08119406425784882,1.22
2025-02-21,15.0,29,Moderado,Fiat Cronos 1.3,Urbano,1114.55,0.07893735893262341,1.18
2025-02-22,8.5,41,Pesado,VW Gol 1.6,Urbano,1093.1,0.06701256779568254,0.57
2025-02-23,8.5,45,Moderado,VW Gol 1.6,Urbano,1110.11,0.07487353150742851,0.64
2025-02-24,15.0,59,Moderado,Fiat Cronos 1.3,Urbano,1089.33,0.09213013532224783,1.38
2025-02-25,15.0,13,Leve,VW Gol 1.6,Urbano,1088.7,0.11404955495306016,1.71
2025-02-26,8.5,36,Leve,VW Gol 1.6,Ruta,1108.61,0.0963429396942095,0.82
2025-02-27,8.5,26,Moderado,VW Gol 1.6,Ruta,1109.7,0.08908277481261957,0.76
2025-02-28,8.5,21,Pesado,Toyota Etios 1.5,Urbano,1114.29,0.07428090452570348,0.63
2025-03-01,8.5,31,Moderado,Fiat Cronos 1.3,Urbano,1118.56,0.13858234037102063,1.18
2025-03-02,15.0,26,Moderado,Fiat Cronos 1.3,Urbano,1129.27,0.09770099123703328,1.47
2025-03-03,15.0,19,Moderado,Fiat Cronos 1.3,Urbano,1111.61,0.11650028272513084,1.75
2025-03-04,15.0,10,Leve,Toyota Etios 1.5,Urbano,1104.59,0.10371385179482119,1.56
2025-03-05,8.5,31,Leve,Toyota Etios 1.5,Urbano,1124.2,0.10394654525190422,0.88
2025-03-06,8.5,35,Moderado,Fiat Cronos 1.3,Urbano,1103.95,0.08763451690869442,0.74
2025-03-07,15.0,27,Pesado,Toyota Etios 1.5,Urbano,1111.4,0.12997165144023737,1.95
2025-03-08,15.0,59,Leve,Fiat Cronos 1.3,Urbano,1097.7,0.11227738800619368,1.68
2025-03-09,8.5,23,Moderado,Toyota Etios 1.5,Ruta,1096.29,0.12379822794482336,1.05
2025-03-10,15.0,56,Leve,VW Gol 1.6,Ruta,1134.5,0.10063489766251317,1.51
2025-03-11,15.0,38,Moderado,VW Gol 1.6,Ruta,1130.16,0.0937352410969648,1.41
2025-03-12,8.5,21,Leve,Fiat Cronos 1.3,Urbano,1125.28,0.11275689009761566,0.96
2025-03-13,8.5,45,Leve,Toyota Etios 1.5,Ruta,1114.52,0.11311202855099016,0.96
2025-03-14,8.5,44,Moderado,Toyota Etios 1.5,Urbano,1105.81,0.06926952770112434,0.59
2025-03-15,8.5,21,Leve,VW Gol 1.6,Ruta,1105.86,0.07820181404268486,0.66
2025-03-16,8.5,16,Moderado,VW Gol 1.6,Urbano,1110.33,0.10688566456194835,0.91
2025-03-17,15.0,38,Moderado,Toyota Etios 1.5,Ruta,1123.01,0.1332863419624927,2.0
2025-03-18,8.5,20,Pesado,Toyota Etios 1.5,Urbano,1130.35,0.11449447715788519,0.97
2025-03-19,8.5,42,Leve,Toyota Etios 1.5,Ruta,1128.89,0.08270868545443397,0.7
2025-03-20,8.5,15,Leve,Toyota Etios 1.5,Ruta,1114.4,0.13390776916903926,1.14
2025-03-21,8.5,56,Leve,Toyota Etios 1.5,Urbano,1142.12,0.10087559525427779,0.86
2025-03-22,15.0,24,Pesado,Toyota Etios 1.5,Urbano,1134.16,0.09488317726193816,1.42
2025-03-23,8.5,41,Pesado,Fiat Cronos 1.3,Ruta,1127.54,0.09074625935784093,0.77
2025-03-24,8.5,20,Moderado,Toyota Etios 1.5,Urbano,1130.55,0.06752889523953734,0.57
2025-03-25,15.0,32,Pesado,VW Gol 1.6,Ruta,1123.59,0.0841318896831591,1.26
2025-03-26,8.5,35,Moderado,Fiat Cronos 1.3,Urbano,1117.43,0.13076755309530297,1.11
2025-03-27,8.5,43,Moderado,Toyota Etios 1.5,Urbano,1122.48,0.0922923334494957,0.78
2025-03-28,8.5,55,Leve,VW Gol 1.6,Urbano,1139.28,0.11416695635147125,0.97
2025-03-29,8.5,43,Moderado,Fiat Cronos 1.3,Urbano,1110.26,0.10782814058575112,0.92
2025-03-30,8.5,38,Leve,VW Gol 1.6,Ruta,1115.05,0.0788134012372551,0.67
2025-03-31,8.5,13,Pesado,Toyota Etios 1.5,Urbano,1112.97,0.10633080653217264,0.9
2025-04-01,8.5,26,Moderado,Toyota Etios 1.5,Urbano,1113.48,0.10379321754126843,0.88
2025-04-02,15.0,44,Moderado,Toyota Etios 1.5,Urbano,1146.79,0.06789069820561908,1.02
2025-04-03,8.5,22,Leve,Toyota Etios 1.5,Urbano,1141.43,0.09121988098257544,0.78
2025-04-04,8.5,50,Leve,Fiat Cronos 1.3,Ruta,1132.98,0.08809198193981527,0.75
2025-04-05,8.5,48,Leve,Fiat Cronos 1.3,Ruta,1118.64,0.11596783693132609,0.99
2025-04-06,8.5,24,Leve,VW Gol 1.6,Urbano,1135.11,0.09103567702397906,0.77
2025-04-07,8.5,38,Leve,Toyota Etios 1.5,Ruta,1135.11,0.09826488498902111,0.84
2025-04-08,8.5,38,Pesado,VW Gol 1.6,Ruta,1123.82,0.06311910743056312,0.54
2025-04-09,15.0,20,Moderado,Fiat Cronos 1.3,Urbano,1134.97,0.11019761219659527,1.65
2025-04-10,8.5,41,Leve,Toyota Etios 1.5,Ruta,1134.27,0.1161506199963762,0.99
2025-04-11,8.5,11,Leve,Toyota Etios 1.5,Urbano,1143.69,0.08053515373254932,0.68
2025-04-12,8.5,56,Leve,Fiat Cronos 1.3,Urbano,1145.18,0.12649498013144594,1.08
2025-04-13,15.0,23,Moderado,Fiat Cronos 1.3,Ruta,1122.31,0.12632013697548847,1.89
2025-04-14,8.5,29,Moderado,Fiat Cronos 1.3,Urbano,1136.2,0.1273039721600255,1.08
2025-04-15,8.5,31,Pesado,Fiat Cronos 1.3,Ruta,1146.97,0.11333323374114646,0.96
2025-04-16,8.5,20,Leve,Fiat Cronos 1.3,Ruta,1142.78,0.12132171965488428,1.03
2025-04-17,15.0,36,Pesado,Toyota Etios 1.5,Urbano,1157.63,0.09398393375566143,1.41
2025-04-18,8.5,12,Pesado,Fiat Cronos 1.3,Ruta,1150.44,0.12270892056628716,1.04
2025-04-19,15.0,26,Leve,Toyota Etios 1.5,Urbano,1131.33,0.11994187510989068,1.8
2025-04-20,8.5,53,Pesado,Toyota Etios 1.5,Urbano,1128.36,0.10815753564750644,0.92
2025-04-21,8.5,37,Leve,Fiat Cronos 1.3,Urbano,1151.95,0.07892832913170386,0.67
2025-04-22,8.5,38,Pesado,Fiat Cronos 1.3,Ruta,1128.04,0.10459680015234672,0.89
2025-04-23,8.5,30,Leve,Toyota Etios 1.5,Urbano,1151.13,0.10413549559668833,0.89
2025-04-24,8.5,56,Pesado,Fiat Cronos 1.3,Urbano,1166.03,0.0879117744497683,0.75
2025-04-25,8.5,25,Pesado,Fiat Cronos 1.3,Urbano,1152.16,0.12847940917168807,1.09
2025-04-26,15.0,46,Pesado,Fiat Cronos 1.3,Ruta,1145.39,0.09995449650984228,1.5
2025-04-27,8.5,29,Moderado,VW Gol 1.6,Urbano,1156.31,0.08322617320156249,0.71
2025-04-28,8.5,15,Leve,Toyota Etios 1.5,Urbano,1149.63,0.09629918554678392,0.82
2025-04-29,8.5,28,Leve,VW Gol 1.6,Urbano,1153.84,0.0937822243320788,0.8
2025-04-30,8.5,14,Leve,Fiat Cronos 1.3,Urbano,1170.4,0.11458628256869294,0.97
2025-05-01,8.5,12,Leve,VW Gol 1.6,Ruta,1148.91,0.09018930388045363,0.77
2025-05-02,8.5,10,Moderado,Fiat Cronos 1.3,Urbano,1172.63,0.10874670952934873,0.92
2025-05-03,8.5,47,Leve,VW Gol 1.6,Urbano,1171.12,0.07530883806269056,0.64
2025-05-04,15.0,24,Pesado,Fiat Cronos 1.3,Ruta,1143.45,0.12560685623232892,1.88
2025-05-05,15.0,43,Moderado,VW Gol 1.6,Urbano,1139.12,0.09353972622910121,1.4
2025-05-06,8.5,44,Pesado,VW Gol 1.6,Ruta,1141.09,0.1009392219092658,0.86
2025-05-07,8.5,58,Leve,VW Gol 1.6,Urbano,1138.51,0.09137691462567706,0.78
2025-05-08,8.5,34,Pesado,Toyota Etios 1.5,Ruta,1142.28,0.14282766237022154,1.21
2025-05-09,8.5,33,Pesado,VW Gol 1.6,Urbano,1166.54,0.10192794138235307,0.87
2025-05-10,8.5,21,Leve,Toyota Etios 1.5,Urbano,1142.79,0.11661419700992179,0.99
2025-05-11,8.5,27,Moderado,Fiat Cronos 1.3,Ruta,1153.42,0.1243032480152137,1.06
2025-05-12,15.0,24,Moderado,VW Gol 1.6,Ruta,1175.18,0.05724790165086656,0.86
2025-05-13,8.5,53,Leve,Fiat Cronos 1.3,Ruta,1143.04,0.13502912843628528,1.15
2025-05-14,8.5,25,Moderado,Fiat Cronos 1.3,Urbano,1175.41,0.14818837304586988,1.26
2025-05-15,8.5,36,Leve,VW Gol 1.6,Ruta,1154.82,0.09262041524157397,0.79
2025-05-16,8.5,17,Leve,Toyota Etios 1.5,Ruta,1148.99,0.09041897885276493,0.77
2025-05-17,8.5,55,Leve,VW Gol 1.6,Urbano,1172.86,0.0697545328632597,0.59
2025-05-18,8.5,34,Leve,Fiat Cronos 1.3,Ruta,1170.87,0.11933432468010365,1.01
2025-05-19,8.5,26,Leve,Fiat Cronos 1.3,Ruta,1181.53,0.1201273395505251,1.02
2025-05-20,15.0,38,Leve,VW Gol 1.6,Urbano,1176.55,0.06772961535144015,1.02
2025-05-21,8.5,17,Pesado,Toyota Etios 1.5,Urbano,1180.01,0.09966928499504749,0.85
2025-05-22,8.5,24,Moderado,Toyota Etios 1.5,Urbano,1159.87,0.10504120685410556,0.89
2025-05-23,8.5,36,Pesado,Fiat Cronos 1.3,Urbano,1156.41,0.10805763597849714,0.92
2025-05-24,8.5,55,Leve,Fiat Cronos 1.3,Urbano,1180.06,0.11297820151692745,0.96
2025-05-25,8.5,59,Leve,Toyota Etios 1.5,Urbano,1183.02,0.07963500711343545,0.68
2025-05-26,15.0,16,Moderado,VW Gol 1.6,Urbano,1191.09,0.07168150545475145,1.08
2025-05-27,15.0,12,Leve,Fiat Cronos 1.3,Urbano,1168.7,0.1516153180807838,2.27
2025-05-28,15.0,38,Leve,Toyota Etios 1.5,Urbano,1167.79,0.11085408795953448,1.66
2025-05-29,8.5,53,Moderado,Fiat Cronos 1.3,Ruta,1184.69,0.12164488955127521,1.03
2025-05-30,8.5,33,Leve,VW Gol 1.6,Ruta,1167.99,0.10241495110558847,0.87
2025-05-31,8.5,12,Moderado,Toyota Etios 1.5,Urbano,1192.3,0.10329820286853116,0.88
2025-06-01,8.5,29,Moderado,Fiat Cronos 1.3,Ruta,1190.13,0.10138570599079418,0.86
2025-06-02,15.0,55,Leve,VW Gol 1.6,Urbano,1173.67,0.14290073580830318,2.14
2025-06-03,8.5,24,Leve,Fiat Cronos 1.3,Urbano,1187.27,0.11259000902016199,0.96
2025-06-04,8.5,34,Moderado,VW Gol 1.6,Urbano,1188.14,0.06375635044944435,0.54
2025-06-05,8.5,39,Leve,VW Gol 1.6,Urbano,1162.8,0.10005429783546514,0.85
2025-06-06,8.5,23,Leve,Toyota Etios 1.5,Ruta,1195.5,0.06680488829043875,0.57
2025-06-07,8.5,16,Pesado,VW Gol 1.6,Ruta,1180.33,0.08007895374920511,0.68
2025-06-08,8.5,26,Leve,Fiat Cronos 1.3,Urbano,1193.9,0.12306386221160619,1.05
2025-06-09,8.5,53,Moderado,VW Gol 1.6,Urbano,1174.36,0.05945408619144381,0.51
2025-06-10,15.0,29,Pesado,VW Gol 1.6,Urbano,1198.1,0.05595731200050595,0.84
2025-06-11,15.0,45,Leve,Toyota Etios 1.5,Urbano,1178.57,0.08663858695804459,1.3
2025-06-12,8.5,18,Leve,VW Gol 1.6,Urbano,1164.15,0.11155803478906651,0.95
2025-06-13,8.5,47,Leve,VW Gol 1.6,Urbano,1200.66,0.07891889413174433,0.67
2025-06-14,8.5,57,Leve,Fiat Cronos 1.3,Ruta,1168.81,0.10342801123816887,0.88
2025-06-15,8.5,31,Leve,Toyota Etios 1.5,Ruta,1178.65,0.11415272847416975,0.97
2025-06-16,8.5,11,Moderado,Toyota Etios 1.5,Urbano,1204.6,0.10018076373024615,0.85
2025-06-17,8.5,33,Leve,Toyota Etios 1.5,Ruta,1205.35,0.12129753478580477,1.03
2025-06-18,8.5,17,Moderado,VW Gol 1.6,Urbano,1190.98,0.09564005250033711,0.81
2025-06-19,8.5,20,Pesado,Toyota Etios 1.5,Urbano,1194.04,0.07198652017762874,0.61
2025-06-20,8.5,22,Pesado,VW Gol 1.6,Urbano,1187.42,0.0826751660504364,0.7
2025-06-21,8.5,26,Moderado,VW Gol 1.6,Urbano,1181.93,0.08499624333585674,0.72
2025-06-22,15.0,17,Leve,Fiat Cronos 1.3,Ruta,1184.07,0.10870664940019215,1.63
2025-06-23,15.0,30,Moderado,Fiat Cronos 1.3,Urbano,1198.55,0.09888861304104143,1.48
2025-06-24,8.5,27,Moderado,Fiat Cronos 1.3,Urbano,1202.46,0.08397312946328842,0.71
2025-06-25,15.0,39,Leve,Fiat Cronos 1.3,Urbano,1204.75,0.11968893210557877,1.8
2025-06-26,8.5,27,Leve,Fiat Cronos 1.3,Urbano,1205.39,0.11923332589422726,1.01
2025-06-27,15.0,55,Pesado,VW Gol 1.6,Ruta,1178.17,0.09796898245715759,1.47
2025-06-28,15.0,56,Leve,VW Gol 1.6,Urbano,1195.02,0.07343205090412702,1.1
2025-06-29,8.5,40,Leve,Toyota Etios 1.5,Urbano,1178.27,0.0802438233082396,0.68
2025-06-30,8.5,47,Leve,VW Gol 1.6,Urbano,1198.67,0.08432630612643695,0.72
2025-07-01,8.5,41,Leve,VW Gol 1.6,Urbano,1195.07,0.11736196963527626,1.0
2025-07-02,8.5,20,Pesado,Fiat Cronos 1.3,Urbano,1213.64,0.14914349067279276,1.27
2025-07-03,8.5,54,Moderado,VW Gol 1.6,Urbano,1192.89,0.03745869286383667,0.32
2025-07-04,8.5,34,Moderado,Fiat Cronos 1.3,Urbano,1184.25,0.09972322766314456,0.85
2025-07-05,8.5,42,Leve,Toyota Etios 1.5,Ruta,1186.01,0.0943796070545683,0.8
2025-07-06,15.0,47,Leve,Toyota Etios 1.5,Ruta,1211.47,0.10849932232495091,1.63
2025-07-07,15.0,50,Leve,VW Gol 1.6,Ruta,1206.46,0.06639432792354256,1.0
2025-07-08,8.5,17,Leve,Toyota Etios 1.5,Urbano,1186.5,0.09424213987117412,0.8
2025-07-09,8.5,20,Leve,VW Gol 1.6,Urbano,1186.54,0.14139814070950668,1.2
2025-07-10,8.5,31,Moderado,Toyota Etios 1.5,Urbano,1211.93,0.06945560155057252,0.59
2025-07-11,8.5,33,Leve,Fiat Cronos 1.3,Ruta,1187.52,0.10730398256985581,0.91
2025-07-12,15.0,50,Moderado,Fiat Cronos 1.3,Urbano,1218.21,0.09586878842333055,1.44
2025-07-13,8.5,26,Leve,Fiat Cronos 1.3,Urbano,1214.3,0.11533345527566641,0.98
2025-07-14,8.5,21,Leve,Fiat Cronos 1.3,Urbano,1190.03,0.09185983683234682,0.78
2025-07-15,8.5,55,Leve,VW Gol 1.6,Urbano,1190.89,0.05757211687755662,0.49
2025-07-16,8.5,41,Pesado,Toyota Etios 1.5,Urbano,1227.68,0.08603022408552613,0.73
2025-07-17,8.5,24,Pesado,VW Gol 1.6,Urbano,1203.91,0.10229682794605946,0.87
2025-07-18,15.0,25,Pesado,Fiat Cronos 1.3,Ruta,1204.48,0.09739427111869717,1.46
2025-07-19,8.5,31,Leve,VW Gol 1.6,Urbano,1222.89,0.10313894224648558,0.88
2025-07-20,8.5,37,Leve,Toyota Etios 1.5,Urbano,1228.99,0.12825668113539784,1.09
2025-07-21,8.5,29,Moderado,VW Gol 1.6,Urbano,1231.26,0.08475709712264189,0.72
2025-07-22,15.0,42,Leve,Toyota Etios 1.5,Urbano,1222.67,0.05338690472906202,0.8
2025-07-23,15.0,19,Pesado,VW Gol 1.6,Urbano,1208.31,0.08203715978823059,1.23
2025-07-24,8.5,49,Leve,Toyota Etios 1.5,Ruta,1197.32,0.12110437702662086,1.03
2025-07-25,8.5,41,Leve,Toyota Etios 1.5,Urbano,1225.78,0.10000890988375091,0.85
2025-07-26,8.5,59,Leve,Fiat Cronos 1.3,Ruta,1217.76,0.10422409394601027,0.89
2025-07-27,8.5,42,Leve,Toyota Etios 1.5,Urbano,1213.11,0.12030456183330145,1.02
2025-07-28,15.0,11,Moderado,Fiat Cronos 1.3,Urbano,1233.11,0.07426108537320303,1.11
2025-07-29,8.5,42,Leve,Fiat Cronos 1.3,Ruta,1202.03,0.13314692623447133,1.13
2025-07-30,8.5,42,Leve,Fiat Cronos 1.3,Urbano,1218.01,0.1357319473879525,1.15
2025-07-31,8.5,50,Leve,VW Gol 1.6,Urbano,1199.48,0.10987859514243303,0.93
2025-08-01,8.5,22,Leve,VW Gol 1.6,Urbano,1218.49,0.07183587635422858,0.61
2025-08-02,8.5,39,Moderado,VW Gol 1.6,Urbano,1202.71,0.09128334251249348,0.78
2025-08-03,15.0,42,Pesado,VW Gol 1.6,Ruta,1205.94,0.08279788094723625,1.24
2025-08-04,8.5,22,Pesado,Toyota Etios 1.5,Urbano,1206.6,0.10866979434897045,0.92
2025-08-05,8.5,35,Moderado,Toyota Etios 1.5,Ruta,1228.59,0.08387864882500391,0.71
2025-08-06,8.5,31,Leve,VW Gol 1.6,Ruta,1233.19,0.10705191606590206,0.91
2025-08-07,8.5,48,Moderado,Toyota Etios 1.5,Urbano,1227.4,0.07431139251184801,0.63
2025-08-08,8.5,11,Leve,Toyota Etios 1.5,Ruta,1243.27,0.09735825988961713,0.83
2025-08-09,8.5,47,Leve,Fiat Cronos 1.3,Urbano,1220.5,0.07847296582201128,0.67
2025-08-10,15.0,48,Pesado,Fiat Cronos 1.3,Ruta,1217.65,0.11707095726397353,1.76
2025-08-11,8.5,35,Leve,Fiat Cronos 1.3,Urbano,1241.69,0.10488138876660494,0.89
2025-08-12,8.5,55,Pesado,Fiat Cronos 1.3,Urbano,1216.61,0.13740819387967734,1.17
2025-08-13,8.5,59,Leve,Toyota Etios 1.5,Urbano,1246.92,0.08470016102487746,0.72
2025-08-14,8.5,24,Moderado,VW Gol 1.6,Urbano,1209.59,0.11506177834604153,0.98
2025-08-15,15.0,43,Moderado,Toyota Etios 1.5,Urbano,1248.62,0.1191695305520951,1.79
2025-08-16,15.0,51,Pesado,Toyota Etios 1.5,Ruta,1212.27,0.07807195027697197,1.17
2025-08-17,8.5,53,Moderado,Toyota Etios 1.5,Urbano,1246.91,0.11676473759142281,0.99
2025-08-18,8.5,58,Moderado,Fiat Cronos 1.3,Urbano,1233.1,0.14252760811337267,1.21
2025-08-19,8.5,49,Leve,Fiat Cronos 1.3,Ruta,1252.43,0.0999476077233648,0.85
2025-08-20,8.5,20,Moderado,Fiat Cronos 1.3,Urbano,1216.38,0.10402806524780747,0.88
2025-08-21,8.5,12,Leve,VW Gol 1.6,Ruta,1236.3,0.07419974395837847,0.63
2025-08-22,8.5,15,Moderado,Toyota Etios 1.5,Ruta,1253.64,0.05828368282153423,0.5
2025-08-23,8.5,18,Moderado,VW Gol 1.6,Ruta,1236.52,0.07501568765822154,0.64
2025-08-24,8.5,15,Moderado,Fiat Cronos 1.3,Ruta,1241.49,0.10535741362903091,0.9
2025-08-25,15.0,18,Leve,VW Gol 1.6,Urbano,1244.86,0.05330383940730888,0.8
2025-08-26,8.5,48,Leve,Toyota Etios 1.5,Urbano,1235.93,0.10667455727123747,0.91
2025-08-27,8.5,40,Moderado,Toyota Etios 1.5,Ruta,1243.58,0.09404778075766611,0.8
2025-08-28,15.0,41,Leve,Fiat Cronos 1.3,Urbano,1242.57,0.12309353234964626,1.85
2025-08-29,8.5,50,Leve,Fiat Cronos 1.3,Urbano,1255.96,0.10053469906333902,0.85
2025-08-30,8.5,59,Leve,VW Gol 1.6,Urbano,1222.45,0.06021707164201743,0.51
2025-08-31,8.5,21,Pesado,Fiat Cronos 1.3,Ruta,1232.59,0.05671335357851106,0.48
2025-09-01,8.5,17,Moderado,Fiat Cronos 1.3,Urbano,1260.09,0.12345886408990078,1.05
2025-09-02,15.0,17,Leve,Toyota Etios 1.5,Urbano,1258.41,0.11881392287645365,1.78
2025-09-03,15.0,59,Leve,Fiat Cronos 1.3,Urbano,1241.74,0.10548686593563864,1.58
2025-09-04,8.5,37,Leve,Fiat Cronos 1.3,Urbano,1249.04,0.10828783821057508,0.92
2025-09-05,8.5,29,Moderado,Toyota Etios 1.5,Urbano,1236.05,0.10383078598889661,0.88
2025-09-06,8.5,56,Moderado,Toyota Etios 1.5,Urbano,1233.2,0.08880515052809036,0.75
2025-09-07,8.5,16,Leve,VW Gol 1.6,Urbano,1244.95,0.1280658537545432,1.09
2025-09-08,8.5,20,Leve,Fiat Cronos 1.3,Ruta,1241.25,0.08642366719550407,0.73
2025-09-09,15.0,29,Leve,Toyota Etios 1.5,Urbano,1251.18,0.09410441431400514,1.41
2025-09-10,8.5,25,Moderado,VW Gol 1.6,Ruta,1231.67,0.09397899392966619,0.8
2025-09-11,15.0,13,Moderado,VW Gol 1.6,Ruta,1268.26,0.10298994729718479,1.54
2025-09-12,8.5,15,Leve,Fiat Cronos 1.3,Urbano,1269.45,0.10327242673779193,0.88
